Model,DV,Var_Partner,Var_Residual,ICC,ICC_Percent
Judge,avg_judge_score,3.200580355214376,20.229287980572618,0.13660257536854273,13.7%
Fan,avg_fan_vote_share,0.00033563193648244,0.0018454290970134227,0.15388470626357495,15.4%
Placement,placement,2.278526764479968,10.252981642023865,0.1818238228446159,18.2%
