season,regime,n_weeks,optimal_lambda_vec,optimal_lambda_mean,benefit,baseline,improvement
5,percent,10,"[np.float64(0.6198840399569374), np.float64(0.3859639369427971), np.float64(0.5982490534590087), np.float64(0.41764264142174357), np.float64(0.7587727288968651), np.float64(0.5964307242412514), np.float64(0.3807916313244397), np.float64(0.5416590578104714), np.float64(0.6395932652676127), np.float64(0.5994863572813549)]",0.5538473436602482,0.5790983337054725,0.45679752000520235,0.12230081370027013
8,percent,11,"[np.float64(0.5258067012687887), np.float64(0.3867793715194777), np.float64(0.5927639813123652), np.float64(0.2982813684086911), np.float64(0.713351548672083), np.float64(0.5697802915554344), np.float64(0.38815625924081154), np.float64(0.48254066199930046), np.float64(0.26261707133355416), np.float64(0.5344585682882502), np.float64(0.5885214117557074)]",0.4857324759413148,0.4624946047363799,0.37120043964790267,0.09129416508847721
12,percent,10,"[np.float64(0.6515549923194759), np.float64(0.48020729414728974), np.float64(0.2237579957662567), np.float64(0.5133827839740157), np.float64(0.4696415873079587), np.float64(0.6523045234379612), np.float64(0.23809093131752795), np.float64(0.7748187230509467), np.float64(0.4325121833558311), np.float64(0.39556105513556367)]",0.4831832069812827,0.5031822998202484,0.5031822998202484,0.0
18,percent,10,"[np.float64(0.7517211768681845), np.float64(0.7068953976537502), np.float64(0.7389039824517745), np.float64(0.7230525871939771), np.float64(0.45640816314974747), np.float64(0.3264933805010799), np.float64(0.43776744979309834), np.float64(0.47931055665774414), np.float64(0.5202245826932184), np.float64(0.5630947556965702)]",0.5703872032659145,0.3288001337440013,0.3288001337440013,0.0
25,percent,10,"[np.float64(0.35611082511262304), np.float64(0.40318446967344923), np.float64(0.21688366040644957), np.float64(0.3982260062891892), np.float64(0.6894616079698677), np.float64(0.4150814843601022), np.float64(0.3342677980021775), np.float64(0.32598775847439765), np.float64(0.29039591421932465), np.float64(0.7908237739907148)]",0.4220423298498296,0.36094825124735375,0.2514982069448549,0.10945004430249883
