Model,DV,N,R2,Adj_R2,F,F_pval
Judge_Score,avg_judge_score,421,0.23704048016688906,0.2107315312071265,9.009880270375852,2.959715978867589e-17
Fan_Vote,avg_fan_vote_share,421,0.17659497886757292,0.14820170227679952,6.219605486636898,2.7913197966708822e-11
Placement,placement,421,0.24112523639505812,0.21495714109833597,9.214474101417002,1.1003462932447033e-17
Weekly_Fan,fan_vote_share,2777,0.319461568498006,0.31601206160407846,92.61079288184051,1.550535310499087e-218
Weekly_Judge,judge_total,2777,0.33087918346305856,0.32748755007004005,97.557473087791,1.3615554999825796e-228
