week,optimal_lambda
1,0.4558327850063058
2,0.3118493088198181
3,0.2382848456826266
4,0.2152707165134663
5,0.7063829569515013
6,0.3448961941567936
7,0.1723368082185064
8,0.4522995208018376
9,0.3172945432142963
