Model,Var_Partner,Var_Residual,ICC
Judge_Score,3.4822924252266585,20.1071546822336,0.14762077336375423
Fan_Vote,0.00011298106011935252,0.001986448410018291,0.053815125359722236
Placement,0.4782728455782529,10.836807832334452,0.0422686200118619
