Model,Var_Partner,Var_Residual,ICC
Judge_Score,3.4822924251424237,20.107154682265346,0.14762077336051183
Fan_Vote,0.00011298109555174437,0.0019864483883322843,0.05381514188451084
Placement,0.4782728455782529,10.836807832334452,0.0422686200118619
