season,regime,n_weeks,optimal_lambda_vec,optimal_lambda_mean,benefit,baseline,improvement
3,percent,10,"[np.float64(0.3705845143851143), np.float64(0.3610489088829716), np.float64(0.2681746943651131), np.float64(0.6664752517848866), np.float64(0.5421750629059601), np.float64(0.5480211355825825), np.float64(0.4578148671181966), np.float64(0.39210339935582494), np.float64(0.7128844326428493), np.float64(0.326300062768938)]",0.4645582329792437,0.39094950606022755,0.32844729564935926,0.06250221041086829
10,percent,10,"[np.float64(0.4282345153997441), np.float64(0.31232882348060675), np.float64(0.6032800930766974), np.float64(0.3166278924332516), np.float64(0.5389802160728798), np.float64(0.5672454386898519), np.float64(0.4350753835727682), np.float64(0.2670505879581381), np.float64(0.437078544566902), np.float64(0.6279241299695706)]",0.45338256252204107,0.4694535391813456,0.4694535391813456,0.0
20,percent,10,"[np.float64(0.45325848182213674), np.float64(0.3915926932713004), np.float64(0.384277415057522), np.float64(0.26547092506057146), np.float64(0.343165692101456), np.float64(0.5126776271516673), np.float64(0.5987030733145058), np.float64(0.7212353615376054), np.float64(0.7310969653413708), np.float64(0.5950263056678646)]",0.49965045403260006,0.43193752568185023,0.33790736365841567,0.09403016202343456
29,bottom2,11,"[np.float64(0.656806587278654), np.float64(0.20309807043954586), np.float64(0.2043031318033886), np.float64(0.440971403531519), np.float64(0.6878940143097605), np.float64(0.4009008803882768), np.float64(0.4699535311335804), np.float64(0.5928837896882495), np.float64(0.5452491706408283), np.float64(0.3512810480479209), np.float64(0.554768566748268)]",0.46437365400090835,0.30740585046823854,0.2007290022777668,0.10667684819047174
32,bottom2,11,"[np.float64(0.5379535216263838), np.float64(0.4790620657602105), np.float64(0.7385760837363945), np.float64(0.541863296871007), np.float64(0.5268219324906949), np.float64(0.46612725581439446), np.float64(0.6617379521108748), np.float64(0.7716278417305208), np.float64(0.3449928753557272), np.float64(0.3036967364904082), np.float64(0.4868654156986248)]",0.5326659070622947,0.28474747866185723,0.25892956604995776,0.025817912611899474
