Model,Var_Partner,Var_Residual,ICC
Judge_Score,3.482292425226658,20.107154682233595,0.14762077336375426
Fan_Vote,0.00011298106011935252,0.001986448410018291,0.053815125359722236
Placement,0.4782728455782529,10.836807832334452,0.0422686200118619
